FID,kmlgeometry
0.0,"<LineString><coordinates>-16.4917893157,15.685089496500002 -16.489877187800001,15.682571876800001</coordinates></LineString>"
1.0,"<LineString><coordinates>-16.547009055699998,15.733293224 -16.550202856199999,15.729926563399999</coordinates></LineString>"
2.0,"<LineString><coordinates>-16.453894607500001,15.7313127402 -16.44896518,15.715158194600003</coordinates></LineString>"
