FID,kmlgeometry
0.0,"<LineString><coordinates>-16.388625555099999,15.7761614299 -16.3942351749,15.781620844200001</coordinates></LineString>"
1.0,"<LineString><coordinates>-16.440580342499999,15.7818792129 -16.453661396800001,15.771994881199999</coordinates></LineString>"
2.0,"<LineString><coordinates>-16.440580342499999,15.7818792129 -16.423280443499998,15.7746088886</coordinates></LineString>"
3.0,"<LineString><coordinates>-16.432293605199998,15.800733318900001 -16.440580342499999,15.7818792129</coordinates></LineString>"
4.0,"<LineString><coordinates>-16.4863134794,15.664529021199998 -16.451608012600001,15.671956245100001</coordinates></LineString>"
