FID,kmlgeometry
0.0,"<LineString><coordinates>-16.429254003699999,15.634088344 -16.429545267799998,15.634393748099999</coordinates></LineString>"
1.0,"<LineString><coordinates>-16.4715683732,15.737773945799999 -16.468277819699999,15.735672178</coordinates></LineString>"
