FID,kmlgeometry
0.0,"<LineString><coordinates>-16.514949083,15.7839859071 -16.498770890300001,15.8064578415</coordinates></LineString>"
