FID,kmlgeometry
0.0,"<LineString><coordinates>-16.485774427700001,15.646727653399999 -16.4712004368,15.659181090499999</coordinates></LineString>"
1.0,"<LineString><coordinates>-16.394754466800002,15.699016226 -16.366210602399999,15.677648834700001</coordinates></LineString>"
