FID,kmlgeometry
0.0,"<LineString><coordinates>-16.485774427700001,15.646727653399999 -16.480236188865547,15.662378499330758</coordinates></LineString>"
1.0,"<LineString><coordinates>-16.422487579799999,15.818801797699999 -16.436748460790771,15.805514639757934</coordinates></LineString>"
2.0,"<LineString><coordinates>-16.411535691300006,15.797100220599999 -16.432293605199998,15.800733318900001</coordinates></LineString>"
