FID,kmlgeometry
0.0,"<LineString><coordinates>-16.578318972,15.678011167299999 -16.561971920899996,15.708233326799999</coordinates></LineString>"
