FID,kmlgeometry
0.0,"<LineString><coordinates>-16.389104912400001,15.645888337600001 -16.3899216555,15.6466604644</coordinates></LineString>"
