FID,kmlgeometry
0.0,"<LineString><coordinates>-16.4846754993,15.7911268176 -16.492607629800002,15.7781120656</coordinates></LineString>"
1.0,"<LineString><coordinates>-16.501723889699999,15.753646883399998 -16.492607629800002,15.7781120656</coordinates></LineString>"
