FID,kmlgeometry
0.0,"<LineString><coordinates>-16.489877187800001,15.682571876800001 -16.4917893157,15.685089496500002</coordinates></LineString>"
1.0,"<LineString><coordinates>-16.430523206,15.7546050702 -16.4252544233,15.7565466675</coordinates></LineString>"
2.0,"<LineString><coordinates>-16.547009055699998,15.733293224 -16.554522313,15.724897932499999</coordinates></LineString>"
3.0,"<LineString><coordinates>-16.554522313,15.724897932499999 -16.561971920899996,15.708233326799999</coordinates></LineString>"
4.0,"<LineString><coordinates>-16.377983045899999,15.7371381339 -16.39430533,15.726251646700002</coordinates></LineString>"
5.0,"<LineString><coordinates>-16.39430533,15.726251646700002 -16.462807914199999,15.719792826600001</coordinates></LineString>"
