FID,kmlgeometry
0.0,"<LineString><coordinates>-16.44896518,15.715158194600001 -16.44896518,15.715158194600001</coordinates></LineString>"
1.0,"<LineString><coordinates>-16.366210602399999,15.677648834699999 -16.366210602399999,15.677648834699999</coordinates></LineString>"
