FID,kmlgeometry
0.0,"<LineString><coordinates>-16.5619719209,15.7082333268 -16.561971920899996,15.708233326799999</coordinates></LineString>"
1.0,"<LineString><coordinates>-16.366681752800002,15.676949930199999 -16.366210602399999,15.677648834699999</coordinates></LineString>"
